date	news	body	articles
2026-07-19	ニュース563	本文144	記事12
2026-07-19	ニュース563	本文223	記事12
2026-07-19	ニュース570	本文226	記事12
2026-07-20	ニュース591	本文224	記事13
2026-07-23	ニュース600	本文121	記事15
2026-07-24	ニュース600	本文121	記事15
2026-07-24	ニュース600	本文121	記事15
2026-07-25	ニュース600	本文113	記事15
2026-07-27	ニュース600	本文111	記事15
2026-07-27	ニュース600	本文104	記事16
2026-07-29	ニュース600	本文82	記事17
2026-07-29	ニュース600	本文77	記事18
2026-07-29	ニュース600	本文72	記事18
2026-07-30	ニュース600	本文54	記事18
2026-07-30	ニュース600	本文43	記事18
2026-07-31	ニュース600	本文25	記事18
2026-07-31	ニュース600	本文24	記事18
2026-08-01	ニュース600	本文24	記事18
2026-08-01	ニュース600	本文24	記事18
2026-08-02	ニュース600	本文24	記事18
2026-08-02	ニュース600	本文38	記事18
2026-08-03	ニュース600	本文50	記事18
2026-08-03	ニュース600	本文61	記事19
2026-08-04	ニュース600	本文73	記事19
2026-08-04	ニュース600	本文83	記事20
2026-08-05	ニュース600	本文96	記事20
2026-08-05	ニュース600	本文108	記事21
2026-08-08	ニュース600	本文109	記事21
2026-08-08	ニュース600	本文120	記事22
2026-08-09	ニュース600	本文128	記事22
2026-08-09	ニュース600	本文131	記事23
2026-08-10	ニュース600	本文133	記事23
2026-08-10	ニュース600	本文139	記事24
2026-08-11	ニュース600	本文155	記事24
2026-08-11	ニュース600	本文166	記事25
2026-08-12	ニュース600	本文178	記事25
2026-08-12	ニュース600	本文194	記事26
2026-08-13	ニュース600	本文208	記事26
2026-08-13	ニュース600	本文220	記事27
2026-08-14	ニュース600	本文211	記事27
2026-08-14	ニュース600	本文206	記事28
2026-08-15	ニュース600	本文209	記事28
2026-08-15	ニュース600	本文210	記事29
2026-08-16	ニュース600	本文218	記事29
2026-08-17	ニュース600	本文230	記事29
2026-08-17	ニュース600	本文232	記事30
2026-08-18	ニュース600	本文232	記事31
2026-08-18	ニュース600	本文243	記事31
2026-08-19	ニュース600	本文255	記事31
2026-08-19	ニュース600	本文265	記事32
2026-08-20	ニュース600	本文258	記事32
2026-08-20	ニュース600	本文254	記事33
2026-08-21	ニュース600	本文235	記事33
2026-08-21	ニュース600	本文219	記事33
2026-08-22	ニュース600	本文209	記事33
2026-08-22	ニュース600	本文217	記事34
2026-08-23	ニュース600	本文222	記事34
2026-08-23	ニュース600	本文229	記事35
2026-08-24	ニュース600	本文234	記事35
2026-08-24	ニュース600	本文233	記事35
2026-08-25	ニュース600	本文234	記事35
2026-08-25	ニュース2455	本文591	記事36
2026-08-26	ニュース2499	本文603	記事36
2026-08-26	ニュース2517	本文616	記事37
2026-08-27	ニュース2555	本文627	記事38
2026-08-27	ニュース2572	本文643	記事38
2026-08-28	ニュース2607	本文653	記事38
2026-08-28	ニュース2626	本文663	記事39
2026-08-29	ニュース2661	本文673	記事40
2026-08-29	ニュース2667	本文684	記事40
2026-08-30	ニュース2679	本文694	記事40
2026-08-30	ニュース2688	本文702	記事41
2026-08-31	ニュース2707	本文712	記事41
2026-08-31	ニュース2727	本文725	記事42
2026-09-01	ニュース2766	本文742	記事42
2026-09-01	ニュース2785	本文754	記事42
2026-09-02	ニュース2820	本文767	記事42
2026-09-02	ニュース2839	本文780	記事43
